year,mon,ext,cnt,size,lines
2021,12,,2,3422,
2021,12,.bas,2,7979,
2021,12,.bat,294,85220,
2021,12,.c,1,4402,141
2021,12,.cbp,105,172765,
2021,12,.cpp,370,2434519,72676
2021,12,.cscope_file_list,8,5452,
2021,12,.csv,8,95752,
2021,12,.depend,62,88083,
2021,12,.doc,19,6505984,
2021,12,.first,1,19071,
2021,12,.h,248,277326,8175
2021,12,.ini,1,200,
2021,12,.json,7,493533,
2021,12,.layout,117,98064,
2021,12,.lnk,5,3942,
2021,12,.mdb,2,54591488,
2021,12,.pdf,49,12793299,
2021,12,.png,5582,303616702,
2021,12,.py,6,4911,188
2021,12,.rar,7,305977,
2021,12,.save-failed,3,12563,
2021,12,.second,1,18950,
2021,12,.tex,524,11462994,
2021,12,.txt,1979,32382314,
2021,12,.workspace,26,13342,
2021,12,.xls,2,87040,
2021,12,.zip,3,15432947,
2022,2,,1,47,
2022,2,.dotm,1,31887,
2022,2,.iml,1,284,
2022,2,.xml,5,2806,
2022,3,.h,1,5375,93
2022,5,,3,5946,
2022,5,.a,2,54576,
2022,5,.bat,5,6767,
2022,5,.cbp,3,7395,
2022,5,.cpp,2,2948,87
2022,5,.csv,1,8256,
2022,5,.h,1,2894,83
2022,5,.json,6,784268,
2022,5,.o,31,1209976,
2022,5,.png,2135,225913412,
2022,5,.tex,352,2910611,
2022,5,.txt,190,8798747,
2022,5,.workspace,1,754,
2022,6,,4,4119,
2022,6,.bat,1,160,
2022,6,.cpp,2,12719,352
2022,6,.depend,2,2282,
2022,6,.json,5,670094,
2022,6,.o,1,96680,
2022,6,.png,2760,212755672,
2022,6,.tex,225,1560940,
2022,6,.txt,235,3197334,
2022,9,,4,248296,
2022,9,.cpp,4,14235,342
2022,9,.depend,1,25243,
2022,9,.h,3,2992,78
2022,9,.o,5,228616,
2022,9,.pdf,5,544952,
2022,9,.tex,7,134889,
2022,9,.txt,11,28596,
2022,11,,4,336609,
2022,11,.cbp,7,12960,
2022,11,.cpp,27,167996,4402
2022,11,.depend,4,9524,
2022,11,.h,16,29071,824
2022,11,.ipynb,2,34489,
2022,11,.layout,1,1293,
2022,11,.o,33,8847504,
2022,11,.pdf,1,93788,
2022,11,.save-failed,1,1380,
2022,11,.tex,1,35734,
2022,11,.txt,57,46731,
2022,11,.workspace,1,520,
2022,12,,1004,656869,
2022,12,.bat,4,377,
2022,12,.cbp,2,2323,
2022,12,.cpp,5,10495,393
2022,12,.csv,1,61746,
2022,12,.depend,2,1572,
2022,12,.h,1,682,30
2022,12,.o,3,878480,
2022,12,.png,9990,672698690,
2022,12,.py,9990,1545343,79503
2022,12,.tex,1000,9310316,
2022,12,.txt,162,5155199,
2023,2,,1,48,
2023,2,.jpg,66,13456443,
2023,2,.pdf,2,13906060,
2023,2,.tex,1,7858,
2023,2,.txt,3,1748,
2023,4,.h,1,10940,380
2023,5,,4,317,
2023,5,.csv,2,17934,
2023,5,.h,1,386,9
2023,5,.ipynb,1,1382,
2023,5,.json,3,472210,
2023,5,.odt,1,11853,
2023,5,.pdf,1,22952937,
2023,5,.png,1085,49631414,
2023,5,.tex,1,1495676,
2023,5,.txt,117,3281911,
2023,6,,6,3382,
2023,6,.csv,1,6211,
2023,6,.ipynb,1,1292,
2023,6,.json,2,330422,
2023,6,.png,2375,184757960,
2023,6,.tex,189,1662538,
2023,6,.txt,208,3151233,
2023,7,,4,1067,
2023,7,.bat,3,908,
2023,7,.odt,1,12362,
2023,7,.pdf,4,34234166,
2023,9,,4,274,
2023,9,.pdf,2,241126,
2023,9,.tex,3,57169,
2023,9,.txt,9,21754,
2023,10,,126,7972229,
2023,10,.a,3,3171236,
2023,10,.bat,1,61,
2023,10,.cbp,1,2752,
2023,10,.cpp,3,18360,572
2023,10,.csv,1,6633,
2023,10,.depend,2,4940,
2023,10,.h,5,14041,368
2023,10,.json,3,472210,
2023,10,.o,47,27147464,
2023,10,.pdf,1,364618,
2023,10,.png,2165,97823062,
2023,10,.py,1080,111282,5880
2023,10,.tex,120,499794,
2023,10,.txt,200,2455260,
2023,11,,138,60213,
2023,11,.a,1,10000908,
2023,11,.cbp,2,6839,
2023,11,.cpp,3,19936,658
2023,11,.csv,2,8128,
2023,11,.h,3,4279,138
2023,11,.o,13,10118632,
2023,11,.pdf,6,590042,
2023,11,.png,600,35341367,
2023,11,.py,1020,150484,7934
2023,11,.tex,67,606915,
2023,11,.txt,43,445463,
2023,12,,43,8540777,
2023,12,.aux,3,517,
2023,12,.bat,4,3506,
2023,12,.cache,5,560,
2023,12,.cbp,1,3460,
2023,12,.cpp,5,28316,866
2023,12,.cs,3,1428,30
2023,12,.csproj,1,249,
2023,12,.csv,5,5772,
2023,12,.depend,1,9667,
2023,12,.editorconfig,1,495,
2023,12,.gz,3,469712,
2023,12,.h,1,730,12
2023,12,.json,5,4055,
2023,12,.log,3,67126,
2023,12,.o,20,6180792,
2023,12,.pdf,41,3979551,
2023,12,.png,180,12788852,
2023,12,.props,1,1112,
2023,12,.py,180,29532,1553
2023,12,.sln,1,1009,
2023,12,.targets,1,149,
2023,12,.tex,182,3244844,
2023,12,.txt,128,1755745,
2024,1,,28679,300333134,
2024,1,.BuildWithSkipAnalyzers,3,0,
2024,1,.anim,14,1061516,
2024,1,.ase,1,2070,
2024,1,.asmdef,192,92134,
2024,1,.asset,194,449803,
2024,1,.bin,439,1547612,
2024,1,.bundle,2,1726633,
2024,1,.cache,16,2154,
2024,1,.controller,17,279744,
2024,1,.cpp,7,100989,2646
2024,1,.cs,5764,44128518,864646
2024,1,.csproj,2,504,
2024,1,.db,7,114688,
2024,1,.dll,45,4221952,
2024,1,.dwlt,1,26051,
2024,1,.editorconfig,4,2380,
2024,1,.exe,20,6195264,
2024,1,.fbx,142,143210816,
2024,1,.gbc,89,1325240,
2024,1,.gif,6,3704184,
2024,1,.h,14,23366,1281
2024,1,.hlsl,1,1137,
2024,1,.index,7,232995,
2024,1,.json,180,128833,
2024,1,.lib,1,23130,
2024,1,.lighting,1,1869,
2024,1,.mask,3,3482,
2024,1,.mat,129,260162,
2024,1,.md,1094,3139946,
2024,1,.meta,9454,8021934,
2024,1,.mm,7,62041,
2024,1,.mp3,84,6173076,
2024,1,.mp4,35,30831360,
2024,1,.obj,91,3195978,
2024,1,.pbxproj,7,75215,
2024,1,.pdb,28,3778976,
2024,1,.physicsMaterial2D,1,229,
2024,1,.playable,21,2807973,
2024,1,.plist,21,17836,
2024,1,.png,2436,48490044,
2024,1,.po,7,405377,
2024,1,.pref,1,753,
2024,1,.prefab,149,9553558,
2024,1,.prefs,7,0,
2024,1,.preset,3,14124,
2024,1,.props,2,2604,
2024,1,.settings,6,4972,
2024,1,.shader,11,24183,
2024,1,.signal,7,2786,
2024,1,.sln,8,7566,
2024,1,.so,1,17112800,
2024,1,.spriteatlas,2,8148,
2024,1,.st,14,20020,
2024,1,.svg,21,6485486,
2024,1,.targets,2,300,
2024,1,.tlh,7,2006935,
2024,1,.tt,14,216220,
2024,1,.ttf,1,161748,
2024,1,.txt,55,98555,
2024,1,.unity,22,2199264,
2024,1,.uss,42,290766,
2024,1,.v2,2,93752,
2024,1,.vsidx,13,45196,
2024,1,.xcworkspacedata,7,1162,
2024,1,.xml,1,294,
2024,1,.yml,24,9343,
2024,2,,2,103,
2024,2,.jpg,84,18696041,
2024,2,.pdf,3,7953588,
2024,2,.tex,2,35077,
2024,2,.txt,7,13737,
2024,3,,1,50,
2024,3,.cpp,10,37633,1323
2024,3,.h,26,106363,3197
2024,3,.ipynb,1,6049,
2024,3,.new,5,3622,
2024,3,.pdf,1,72608,
2024,3,.tex,1,49306,
2024,3,.txt,11,11798,
2024,4,.h,1,2708,53
2024,5,,223,2062701,
2024,5,.aux,1,173,
2024,5,.bin,2,33328,
2024,5,.c,1,27496,743
2024,5,.cbp,2,7198,
2024,5,.cmake,4,9723,
2024,5,.cpp,10,66619,2041
2024,5,.csv,4,29411,
2024,5,.depend,2,31747,
2024,5,.doc,1,100352,
2024,5,.gz,1,1122001,
2024,5,.h,9,10514,294
2024,5,.ipynb,5,24499,
2024,5,.jpg,86,16162997,
2024,5,.json,2,1977,
2024,5,.log,1,40023,
2024,5,.new,23,828978,
2024,5,.o,30,1906640,
2024,5,.odt,1,22427,
2024,5,.out,2,33552,
2024,5,.pdf,4,8245063,
2024,5,.py,276,58549,2825
2024,5,.tex,64,1832318,
2024,5,.ts,1,109,
2024,5,.txt,109,1694731,
2024,5,.xlsx,1,10806,
2024,6,,3,144,
2024,6,.aux,1,136,
2024,6,.gz,1,583665,
2024,6,.log,1,20126,
2024,6,.pdf,3,702765,
2024,6,.tex,3,635379,
2024,6,.txt,30,56582,
2024,6,.xlsx,1,10816,
2024,8,.doc,1,509952,
2024,9,,4,291268,
2024,9,.bin,2,33328,
2024,9,.c,1,27620,750
2024,9,.cbp,2,3544,
2024,9,.cmake,5,10541,
2024,9,.cpp,7,92626,1918
2024,9,.d,2,8641,
2024,9,.depend,1,1124,
2024,9,.h,4,1160,57
2024,9,.json,5,2307,
2024,9,.make,5,6996,
2024,9,.o,15,2122752,
2024,9,.out,2,33552,
2024,9,.tex,1,41002,
2024,9,.ts,1,112,
2024,9,.txt,3,1827,
2024,10,,176,2924322,
2024,10,.a,1,416990,
2024,10,.bin,2,33328,
2024,10,.c,1,27620,750
2024,10,.cbp,2,6355,
2024,10,.check_cache,1,85,
2024,10,.cmake,8,15256,
2024,10,.cpp,25,621898,32264
2024,10,.csv,3,20817,
2024,10,.d,1,8317,
2024,10,.depend,2,21756,
2024,10,.h,16,12897,402
2024,10,.internal,1,8150,
2024,10,.ipynb,1,32372,
2024,10,.json,14,507836,
2024,10,.layout,2,6540,
2024,10,.make,5,22168,
2024,10,.marks,1,2,
2024,10,.o,54,20537368,
2024,10,.out,2,33552,
2024,10,.pdf,155,150867890,
2024,10,.png,3350,231880598,
2024,10,.py,1512,349445,16883
2024,10,.tex,157,1668646,
2024,10,.ts,1,110,
2024,10,.txt,295,3888826,
2024,10,.xlsx,1,51216,
2024,10,.yaml,1,58261,
2024,10,.zip,1,23576,
2024,11,,115,1559456,
2024,11,.cbp,1,1762,
2024,11,.cpp,16,287488,9066
2024,11,.csv,3,6669,
2024,11,.depend,2,14563,
2024,11,.h,9,11768,161
2024,11,.layout,9,15456,
2024,11,.o,2,429128,
2024,11,.pdf,8,1306759,
2024,11,.py,502,90361,4592
2024,11,.tex,109,2019779,
2024,11,.txt,83,358299,
2024,11,.xlsx,2,17244,
2024,12,.cpp,1,1658,47
2024,12,.h,2,6509,164
2024,12,.pdf,1,90601,
2024,12,.tex,1,72889,
2025,1,.bin,2,33328,
2025,1,.c,1,27620,750
2025,1,.cmake,4,10192,
2025,1,.cpp,3,34333,1029
2025,1,.h,1,638,22
2025,1,.json,4,4456,
2025,1,.out,2,33552,
2025,1,.ts,1,111,
2025,1,.txt,1,93,
2025,2,,5,1390509,
2025,2,.bin,14,233296,
2025,2,.c,7,193340,5250
2025,2,.check_cache,1,85,
2025,2,.cmake,31,76941,
2025,2,.cpp,17,205408,5686
2025,2,.d,2,19885,
2025,2,.h,8,2724,129
2025,2,.ipynb,4,15313,
2025,2,.jpg,84,18696041,
2025,2,.json,26,54120,
2025,2,.make,5,6848,
2025,2,.marks,1,2,
2025,2,.o,2,3449488,
2025,2,.out,14,234864,
2025,2,.pdf,3,7905504,
2025,2,.tex,2,28016,
2025,2,.ts,7,777,
2025,2,.txt,20,28958,
2025,2,.yaml,1,57793,
2025,3,,31898,1480748646,
2025,3,.FBX,38,2017276,
2025,3,.ModuleCompilationTrigger,256,0,
2025,3,.PNG,21,1189273,
2025,3,.ShaderSubGraph,13,915768,
2025,3,.a,17,25519534,
2025,3,.aar,5,1917940,
2025,3,.afphoto,80,14781090,
2025,3,.ai,70,18505490,
2025,3,.anim,77,9553807,
2025,3,.arobject,2,2141744,
2025,3,.ase,1,2070,
2025,3,.asmdef,648,356844,
2025,3,.asmref,8,368,
2025,3,.asset,339,10174462,
2025,3,.backup,1,59652,
2025,3,.bhc,426,197696861,
2025,3,.bin,923,2108956,
2025,3,.bundle,1,770608,
2025,3,.bytes,5,0,
2025,3,.cache,16,1240891,
2025,3,.catalog,15,3691313,
2025,3,.cg,3,10820,
2025,3,.cginc,21,75891,
2025,3,.cm,3,8061443,
2025,3,.code-workspace,6,366,
2025,3,.compute,29,176731,
2025,3,.config,3,15840,
2025,3,.controller,51,179966,
2025,3,.cpp,25,355316,6131
2025,3,.cs,33043,221059712,4689695
2025,3,.csproj,11,751926,
2025,3,.dag,10,74891840,
2025,3,.dag_derived,10,2578912,
2025,3,.dag_fsmtime,10,80,
2025,3,.db,38,1989956,
2025,3,.dds,1,11184952,
2025,3,.defines,40,900,
2025,3,.dict,3,219,
2025,3,.diff,1,15943,
2025,3,.digestcache,8,5564992,
2025,3,.dll,1895,1415647676,
2025,3,.dwlt,8,251232,
2025,3,.dylib,28,646710419,
2025,3,.exe,34,279720608,
2025,3,.exr,33,8402338,
2025,3,.fbx,85,60728552,
2025,3,.g,10,92540,
2025,3,.gbc,390,8466020,
2025,3,.gif,79,135890867,
2025,3,.graph,10,54854,
2025,3,.h,36,566062,12015
2025,3,.hlsl,353,3024195,
2025,3,.index,7,144902,
2025,3,.info,10,1270,
2025,3,.inputactions,30,446508,
2025,3,.jpg,3,326731,
2025,3,.json,831,84386135,
2025,3,.lib,9,206070,
2025,3,.lighting,14,25040,
2025,3,.log,98,1624473,
2025,3,.m,1,11254,
2025,3,.map,5,631120,
2025,3,.mat,347,1163298,
2025,3,.md,4651,19491863,
2025,3,.md5,10,320,
2025,3,.meta,51094,29954454,
2025,3,.mm,6,41739,
2025,3,.mp3,36,2645604,
2025,3,.mp4,15,13213440,
2025,3,.mvfrm,1760,1358062,
2025,3,.obj,391,12879163,
2025,3,.otf,1,258992,
2025,3,.outputdata,10,121947,
2025,3,.overlay,1,1076,
2025,3,.payloads,10,26988958,
2025,3,.pbxproj,3,32235,
2025,3,.pdb,1081,109904548,
2025,3,.pdf,7,4043522,
2025,3,.physicMaterial,2,658,
2025,3,.physicsMaterial2D,1,229,
2025,3,.pid,8,38,
2025,3,.playable,9,1203417,
2025,3,.plist,11,10413,
2025,3,.png,11387,500111598,
2025,3,.po,3,173733,
2025,3,.pref,2,2076,
2025,3,.prefab,341,13845902,
2025,3,.prefs,3,0,
2025,3,.preset,3,14124,
2025,3,.psb,16,25959414,
2025,3,.psd,383,43206195,
2025,3,.py,1,0,
2025,3,.questionnaire,2,26012,
2025,3,.recommendations,2,27742,
2025,3,.release,10,1150,
2025,3,.renderTexture,1,821,
2025,3,.rsp,968,26773158,
2025,3,.rsp2,406,17651,
2025,3,.scenetemplate,2,4152052,
2025,3,.sdxml,9,1417923,
2025,3,.settings,5,5152,
2025,3,.sgsubgraphdb,1,0,
2025,3,.shader,145,719111,
2025,3,.shadergraph,274,23224753,
2025,3,.shadersubgraph,183,13317094,
2025,3,.signal,3,1194,
2025,3,.sln,5,5082,
2025,3,.so,27,247966040,
2025,3,.spriteLib,14,88982,
2025,3,.spriteatlas,2,8148,
2025,3,.spriteatlasv2,7,2800,
2025,3,.st,6,8580,
2025,3,.state,8,970160,
2025,3,.svg,55,6945206,
2025,3,.template,53,109894,
2025,3,.terrainlayer,5,4327,
2025,3,.testasset,1,58742,
2025,3,.tga,9,670696,
2025,3,.tlh,3,860115,
2025,3,.traceevents,25,16316693,
2025,3,.tss,1,54,
2025,3,.tt,26,469692,
2025,3,.ttf,22,4235292,
2025,3,.txt,1451,47392001,
2025,3,.unity,184,13530158,
2025,3,.unitypackage,22,32341806,
2025,3,.urtshader,5,16388,
2025,3,.uss,270,431916,
2025,3,.uxml,217,243994,
2025,3,.vsidx,21,124312,
2025,3,.wlt,1,16133,
2025,3,.xcworkspacedata,3,498,
2025,3,.xml,23,11382246,
2025,3,.yml,47,27758,
2025,4,,9272,965767529,
2025,4,.FBX,52,2206552,
2025,4,.ModuleCompilationTrigger,192,0,
2025,4,.PNG,22,1053150,
2025,4,.ShaderSubGraph,26,1831536,
2025,4,.a,10,248084,
2025,4,.afphoto,64,11824872,
2025,4,.ai,56,14804392,
2025,4,.anim,40,1556188,
2025,4,.asmdef,668,354039,
2025,4,.asmref,6,282,
2025,4,.asset,637,35736362,
2025,4,.bhc,152,71484961,
2025,4,.bin,601,1635728,
2025,4,.bytes,10,0,
2025,4,.cache,14,1327889,
2025,4,.catalog,2,493476,
2025,4,.cginc,16,57256,
2025,4,.cm,1,2297149,
2025,4,.code-workspace,4,244,
2025,4,.compute,58,353462,
2025,4,.config,2,10560,
2025,4,.controller,34,99894,
2025,4,.cpp,8,115416,3024
2025,4,.cs,31492,206554715,4398527
2025,4,.csproj,18,1195965,
2025,4,.dag,6,35756288,
2025,4,.dag_derived,6,1238064,
2025,4,.dag_fsmtime,6,48,
2025,4,.db,12,462608,
2025,4,.dds,2,22369904,
2025,4,.defines,32,720,
2025,4,.dict,2,146,
2025,4,.digestcache,6,3763488,
2025,4,.dll,865,887823144,
2025,4,.dwlt,12,336373,
2025,4,.dylib,14,426508896,
2025,4,.exe,34,188054592,
2025,4,.exr,66,16804676,
2025,4,.fbx,172,158115576,
2025,4,.g,8,74032,
2025,4,.gbc,97,3639384,
2025,4,.gif,68,88718338,
2025,4,.graph,7,38475,
2025,4,.h,20,39194,1836
2025,4,.hlsl,704,6044522,
2025,4,.index,12,534451,
2025,4,.info,7,889,
2025,4,.inputactions,20,277612,
2025,4,.json,812,42664939,
2025,4,.lib,6,137380,
2025,4,.lighting,50,90586,
2025,4,.log,54,2287033,
2025,4,.map,5,407488,
2025,4,.mat,628,2207289,
2025,4,.md,4961,18830902,
2025,4,.md5,8,256,
2025,4,.meta,50592,26116843,
2025,4,.mm,10,81004,
2025,4,.mp3,96,7054944,
2025,4,.mp4,40,35235840,
2025,4,.mvfrm,1154,832792,
2025,4,.obj,105,2397178,
2025,4,.otf,2,517984,
2025,4,.outputdata,7,74465,
2025,4,.payloads,6,13742092,
2025,4,.pbxproj,8,85960,
2025,4,.pdb,476,47042380,
2025,4,.pdf,6,3465876,
2025,4,.physicMaterial,7,2275,
2025,4,.pid,6,30,
2025,4,.playable,24,3209112,
2025,4,.plist,24,20384,
2025,4,.png,10618,594845310,
2025,4,.po,8,463288,
2025,4,.pref,3,5500,
2025,4,.prefab,630,25227589,
2025,4,.prefs,8,0,
2025,4,.psd,288,25264224,
2025,4,.questionnaire,2,26012,
2025,4,.recommendations,2,27742,
2025,4,.release,8,920,
2025,4,.renderTexture,2,1642,
2025,4,.rsp,555,15236881,
2025,4,.rsp2,250,9313,
2025,4,.scenetemplate,4,8304104,
2025,4,.sdxml,6,945282,
2025,4,.settings,10,8875,
2025,4,.sgsubgraphdb,2,0,
2025,4,.shader,218,1146014,
2025,4,.shadergraph,548,46449506,
2025,4,.shadersubgraph,366,26634188,
2025,4,.signal,8,3184,
2025,4,.sln,9,9325,
2025,4,.so,4,144267584,
2025,4,.st,14,20020,
2025,4,.state,6,590176,
2025,4,.svg,227,34401153,
2025,4,.template,106,219788,
2025,4,.terrainlayer,16,13496,
2025,4,.tga,18,1341392,
2025,4,.tlh,8,2293640,
2025,4,.traceevents,17,6238231,
2025,4,.tt,26,469692,
2025,4,.ttf,34,5665008,
2025,4,.txt,1123,37972253,
2025,4,.unity,201,12734855,
2025,4,.unitypackage,16,25705274,
2025,4,.urtshader,10,32776,
2025,4,.uss,294,601720,
2025,4,.uxml,169,224605,
2025,4,.vsidx,19,61550,
2025,4,.wav,71,460340226,
2025,4,.wlt,2,32266,
2025,4,.xcworkspacedata,8,1328,
2025,4,.xml,18,9098212,
2025,4,.yml,57,31195,
2025,5,,300,119598773,
2025,5,.TTF,15,6872092,
2025,5,.aspx,3,181725,
2025,5,.asset,27,2947399,
2025,5,.assets,8,1374464,
2025,5,.aux,1,172,
2025,5,.bin,472,1191748,
2025,5,.browser,3,4815,
2025,5,.buildreport,1,21597,
2025,5,.c,2,55244,1494
2025,5,.cache,3,181385,
2025,5,.cbp,1,3602,
2025,5,.cginc,4,13994,
2025,5,.check_cache,2,170,
2025,5,.cmake,15,37394,
2025,5,.config,9,146416,
2025,5,.cpp,10,487105,23223
2025,5,.cs,12,14479,498
2025,5,.csproj,1,66447,
2025,5,.csv,4,32685,
2025,5,.d,2,16612,
2025,5,.dag,4,4722512,
2025,5,.dag_derived,4,183152,
2025,5,.dag_fsmtime,4,32,
2025,5,.db,9,354040,
2025,5,.depend,2,32683,
2025,5,.digestcache,3,1674448,
2025,5,.dll,131,69454600,
2025,5,.doc,1,100352,
2025,5,.dwlt,4,106593,
2025,5,.exe,2,1852088,
2025,5,.gz,1,401203,
2025,5,.h,4,5740,168
2025,5,.info,3,15795,
2025,5,.ini,1,311984,
2025,5,.internal,2,16277,
2025,5,.ipynb,4,20248,
2025,5,.json,64,8026650,
2025,5,.log,14,266864,
2025,5,.make,10,44018,
2025,5,.map,6,327802,
2025,5,.marks,2,4,
2025,5,.mat,2,5864,
2025,5,.meta,80,31207,
2025,5,.mvfrm,83,19820,
2025,5,.new,23,828978,
2025,5,.o,35,20351064,
2025,5,.out,4,67104,
2025,5,.outputdata,3,10088,
2025,5,.payloads,4,2152004,
2025,5,.pdb,20,1954464,
2025,5,.pdf,10,12585501,
2025,5,.pid,3,13,
2025,5,.png,1,112319,
2025,5,.pref,1,2246,
2025,5,.prefab,4,13179,
2025,5,.py,180,38375,1845
2025,5,.resS,12,9492608,
2025,5,.rsp,19,509814,
2025,5,.rsp2,9,312,
2025,5,.shader,13,80492,
2025,5,.sln,1,917,
2025,5,.state,3,319936,
2025,5,.tex,8,2973619,
2025,5,.traceevents,8,1949190,
2025,5,.ts,1,109,
2025,5,.ttf,8,583256,
2025,5,.txt,135,1553563,
2025,5,.unity,2,102361,
2025,5,.vsidx,7,181723,
2025,5,.workspace,1,3399,
2025,5,.xlsx,4,38181,
2025,5,.xml,1,25817,
2025,5,.yaml,3,212074,
2025,6,,1,544392,
2025,6,.a,1,33310,
2025,6,.cbp,3,6687,
2025,6,.cpp,11,40013,1553
2025,6,.depend,3,10973,
2025,6,.h,12,11755,466
2025,6,.layout,3,4514,
2025,6,.o,9,481728,
2025,6,.txt,18,3881191,
2025,7,,13,36864532,
2025,7,.bin,4,66656,
2025,7,.c,2,55240,1500
2025,7,.cmake,6,18562,
2025,7,.cpp,8,64876,1841
2025,7,.h,4,2535,116
2025,7,.idx,1,2939096,
2025,7,.json,2,1977,
2025,7,.out,4,67104,
2025,7,.pack,1,2857862476,
2025,7,.rev,1,387164,
2025,7,.sample,14,25827,
2025,7,.ts,1,109,
2025,8,.txt,5,2437,
2025,9,,27,6761627,
2025,9,.bin,26,503200,
2025,9,.c,13,372540,10026
2025,9,.check_cache,8,681,
2025,9,.cmake,83,194705,
2025,9,.cpp,38,431275,11842
2025,9,.d,11,117579,
2025,9,.depend,1,4673,
2025,9,.exe,6,3523072,
2025,9,.filters,14,8512,
2025,9,.h,7,1560,79
2025,9,.ilk,4,12427528,
2025,9,.internal,4,79637,
2025,9,.json,115,367739,
2025,9,.lastbuildstate,15,2822,
2025,9,.list,1,85,
2025,9,.log,6,6476,
2025,9,.make,45,219532,
2025,9,.marks,8,16,
2025,9,.o,12,11150696,
2025,9,.obj,17,14389043,
2025,9,.out,24,398144,
2025,9,.pdb,8,18661376,
2025,9,.recipe,15,6482,
2025,9,.rule,1,24,
2025,9,.sln,5,15530,
2025,9,.stamp,1,55,
2025,9,.tlog,84,536645,
2025,9,.ts,12,1337,
2025,9,.txt,46,113401,
2025,9,.vcxproj,17,537733,
2025,9,.yaml,7,668108,
2025,10,,54,8664408,
2025,10,.bin,41,866736,
2025,10,.c,21,601596,16164
2025,10,.check_cache,19,1618,
2025,10,.cmake,149,355644,
2025,10,.cpp,79,731422,21254
2025,10,.d,39,424286,
2025,10,.depend,3,13462,
2025,10,.exe,9,2778624,
2025,10,.filters,8,3817,
2025,10,.h,29,64960,2312
2025,10,.ilk,3,12239298,
2025,10,.internal,7,231056,
2025,10,.json,212,857059,
2025,10,.lastbuildstate,15,2947,
2025,10,.list,2,136,
2025,10,.log,2,0,
2025,10,.make,84,457664,
2025,10,.marks,16,33,
2025,10,.o,39,18612560,
2025,10,.obj,11,10745266,
2025,10,.out,36,602656,
2025,10,.pdb,6,18825216,
2025,10,.recipe,14,5078,
2025,10,.rule,2,48,
2025,10,.sln,3,8602,
2025,10,.stamp,3,165,
2025,10,.tlog,89,237950,
2025,10,.ts,15,1694,
2025,10,.txt,88,330070,
2025,10,.vcxproj,17,239828,
2025,10,.yaml,21,2102370,
2025,11,,144,6483470,
2025,11,.a,4,2176724,
2025,11,.aux,6,1034,
2025,11,.bin,30,500840,
2025,11,.c,15,430020,11595
2025,11,.check_cache,12,1020,
2025,11,.cmake,106,256350,
2025,11,.cpp,37,507668,14185
2025,11,.csv,4,14164,
2025,11,.d,24,268231,
2025,11,.gz,6,2734855,
2025,11,.h,14,19814,669
2025,11,.internal,6,76773,
2025,11,.json,122,523560,
2025,11,.layout,5,6986,
2025,11,.log,6,139481,
2025,11,.make,60,236215,
2025,11,.marks,12,24,
2025,11,.o,80,15463248,
2025,11,.out,30,502640,
2025,11,.pdf,11,2766362,
2025,11,.py,850,98549,5413
2025,11,.tex,158,3448558,
2025,11,.ts,13,1452,
2025,11,.txt,186,3192756,
2025,11,.xlsx,3,68417,
2025,11,.yaml,12,1251137,
2025,12,,24,5891038,
2025,12,.aux,3,481,
2025,12,.bin,8,133088,
2025,12,.c,4,114672,3092
2025,12,.check_cache,5,425,
2025,12,.cmake,31,91535,
2025,12,.cpp,10,1213731,74271
2025,12,.csv,2,11105,
2025,12,.d,3,29403,
2025,12,.depend,3,41922,
2025,12,.gz,3,3324109,
2025,12,.internal,3,28725,
2025,12,.ipynb,2,1349,
2025,12,.json,36,176339,
2025,12,.layout,25,66038,
2025,12,.log,3,64662,
2025,12,.make,21,75834,
2025,12,.marks,5,10,
2025,12,.o,5,4633768,
2025,12,.out,8,133568,
2025,12,.pdf,6,2136821,
2025,12,.tex,6,2479698,
2025,12,.ts,1,110,
2025,12,.txt,99,2365413,
2025,12,.xlsx,2,96451,
2025,12,.yaml,3,453276,
2026,1,,2819,116189359,
2026,1,.0,17,19521369,
2026,1,.1,4,15094,
2026,1,.14,2,34941327,
2026,1,.17,2,549290,
2026,1,.2,3,371099,
2026,1,.4,2,2049458,
2026,1,.5,1,950593,
2026,1,.7,1,1800497,
2026,1,.APACHE,10,101740,
2026,1,.BSD,10,13440,
2026,1,.SHA256SUM,2,150,
2026,1,.a,111,297530,
2026,1,.afm,120,2707568,
2026,1,.ani,2,8724,
2026,1,.arff,32,421052,
2026,1,.bat,12,6998,
2026,1,.bin,10,167160,
2026,1,.build,12,14151,
2026,1,.bz2,2,570,
2026,1,.c,39,23005518,486347
2026,1,.cff,2,3694,
2026,1,.cfg,18,10645,
2026,1,.check_cache,1,85,
2026,1,.cls,3,576372,
2026,1,.cmake,24,65717,
2026,1,.cmd,2,1366,
2026,1,.cpp,26,248136,6280
2026,1,.crt,2,2102,
2026,1,.csh,1,950,
2026,1,.css,49,2809032,
2026,1,.csv,145,3170812,
2026,1,.d,3,27457,
2026,1,.dat,2192,64416395,
2026,1,.db,1,454656,
2026,1,.desktop,4,938,
2026,1,.dll,14,44726665,
2026,1,.doc,2,363520,
2026,1,.docx,2,1708556,
2026,1,.dylib,1,72096,
2026,1,.egg,2,1686,
2026,1,.eot,18,2228148,
2026,1,.exe,75,11213539,
2026,1,.external,2,40432,
2026,1,.f,48,22180,
2026,1,.f90,122,59927,
2026,1,.f95,2,283,
2026,1,.fish,2,4475,
2026,1,.fits,2,17280,
2026,1,.gz,23,467340,
2026,1,.h,97,1485594,27153
2026,1,.hpp,20,83260,1828
2026,1,.html,77,4561723,
2026,1,.ico,17,157038,
2026,1,.iml,1,284,
2026,1,.in,6,592,
2026,1,.inc,2,33,
2026,1,.ini,11,2531,
2026,1,.internal,1,10269,
2026,1,.ipynb,251,14091830,
2026,1,.j2,64,183308,
2026,1,.jpg,299,30732339,
2026,1,.js,1696,173980037,1594642
2026,1,.json,557,9716622,
2026,1,.jupyterlab-workspace,4,166,
2026,1,.key,2,3444,
2026,1,.lark,10,31810,
2026,1,.lib,67,487550,
2026,1,.lock,12,1274064,
2026,1,.lua,2,278,
2026,1,.make,9,40369,
2026,1,.map,531,98585047,
2026,1,.marks,1,2,
2026,1,.mat,220,140306,
2026,1,.md,53,101058,
2026,1,.mo,2,1330,
2026,1,.mplstyle,58,76698,
2026,1,.nc,6,6864,
2026,1,.npy,24,916050,
2026,1,.npz,50,7668383,
2026,1,.o,3,6766944,
2026,1,.ods,4,96486,
2026,1,.orig,160,276230,
2026,1,.out,10,167760,
2026,1,.pc,2,389,
2026,1,.pdb,12,30408704,
2026,1,.pdf,204,111553074,
2026,1,.pem,4,1124640,
2026,1,.pkl,2,1432,
2026,1,.png,109,1141426,
2026,1,.po,6,67729,
2026,1,.pot,4,53920,
2026,1,.ps1,2,38220,
2026,1,.pth,2,302,
2026,1,.pxd,56,747414,
2026,1,.pxi,2,15374,
2026,1,.py,16647,231804783,5545691
2026,1,.pyc,16262,295904986,
2026,1,.pyd,212,100238056,
2026,1,.pyf,14,4790,
2026,1,.pyi,4451,11453626,
2026,1,.python,1,14688,
2026,1,.pyw,4,6047,149
2026,1,.pyx,30,3244884,
2026,1,.rst,20,53620,
2026,1,.sample,13,23442,
2026,1,.sav,94,423806,
2026,1,.scv,1,24,
2026,1,.sh,7,3725,
2026,1,.so,211,171219696,
2026,1,.svg,68,11156242,
2026,1,.tab,8,98540,
2026,1,.template,2,3392,
2026,1,.tex,12,621425,
2026,1,.tgz,2,4726,
2026,1,.tmp,1,1840,
2026,1,.tmpl,4,712,
2026,1,.toml,8,64982,
2026,1,.tpl,20,18218,
2026,1,.ts,3,338,
2026,1,.ttf,95,16168740,
2026,1,.txt,586,4546282,
2026,1,.typed,175,1978,
2026,1,.unicode,2,4066,
2026,1,.wav,44,144452,
2026,1,.whl,1,0,
2026,1,.woff,150,3219576,
2026,1,.woff2,18,1009368,
2026,1,.xlsx,4,60766,
2026,1,.xml,10,16062,
2026,1,.xrc,2,4372,
2026,1,.yaml,10,380412,
2026,1,.yml,14,30040,
2026,1,.zi,2,214882,
2026,1,.zip,9,120527141,
2026,2,,2203,19703865,
2026,2,.aux,11,1782,
2026,2,.bat,299,92833,
2026,2,.bin,44,734344,
2026,2,.c,22,625336,16878
2026,2,.cbp,5,10071,
2026,2,.check_cache,19,1615,
2026,2,.cmake,151,381869,
2026,2,.cpp,103,3074887,149677
2026,2,.csv,63,388694,
2026,2,.d,48,349337,
2026,2,.depend,5,27752,
2026,2,.doc,22,7216640,
2026,2,.first,1,19071,
2026,2,.gz,10,2962214,
2026,2,.h,63,46741,1318
2026,2,.html,4,1386464,
2026,2,.ini,1,200,
2026,2,.internal,13,235437,
2026,2,.ipynb,97,3707155,
2026,2,.jpg,320,67011522,
2026,2,.json,207,4494177,
2026,2,.layout,6,14850,
2026,2,.lnk,1,696,
2026,2,.log,11,262697,
2026,2,.make,91,509432,
2026,2,.marks,19,38,
2026,2,.new,46,1657956,
2026,2,.o,48,35320840,
2026,2,.odt,1,11853,
2026,2,.out,44,737504,
2026,2,.pdf,304,249164300,
2026,2,.png,30224,2027219131,
2026,2,.py,15589,2467549,126338
2026,2,.pyc,2,45153,
2026,2,.rar,1,244316,
2026,2,.save-failed,1,400,
2026,2,.second,1,18950,
2026,2,.tex,3166,46279822,
2026,2,.ts,10,1123,
2026,2,.txt,3894,66637670,
2026,2,.workspace,1,754,
2026,2,.xls,1,25088,
2026,2,.xlsx,14,293131,
2026,2,.yaml,18,2025769,
2026,2,.zip,4,2240635049,
